key,en,slots,notes
launch.title,"Flip the Number",,"Game title/wordmark (launch-title h1, rendered as two lines via a <br>). JUDGEMENT CALL - flag for Dominik: brand name, may be better kept in English across all languages rather than translated. Decide in Stage B."
launch.tagline,"Pass-and-play · 2–12 players",,"Reused verbatim as the New Game subtitle pre-game (settings.subtitle shares this key - same string, same meaning, two screens)."
launch.permission,"We'll ask to use motion sensing, for flipping tiles by tilting your phone.",,"One line under the tagline, before Tap to start. DE/FR risk - keep short if possible."
launch.cta,"Tap to start",,"Primary CTA button, launch screen."
settings.title.new,"New Game",,"Setup screen H1, pre-game state."
settings.title.settings,"Settings",,"Setup screen H1, mid-game state (same element as settings.title.new, swapped by JS)."
settings.subtitle.midgame,"Match in progress",,"Setup subtitle, mid-game state (pre-game state reuses launch.tagline)."
settings.midgamebanner,"Match in progress — rule changes apply at the next lap",,"Dashed info box shown mid-game, above the tab bar."
settings.tab.players,"Players",,"Tab label - very tight space, keep to one short word if possible."
settings.tab.rules,"Rules",,"Tab label - very tight space, keep to one short word if possible."
settings.tab.app,"App",,"Tab label - very tight space, keep to one short word if possible."
settings.players.roster,"Roster ({count})",count,"Section label above the player list. CODE NOTE: currently built by string concatenation ('Roster (' + count + ')') - must be converted to this one template during the Stage A refactor, per the schema's concatenation rule."
settings.players.addplayer,"Add player",,"Section label above the name input."
settings.players.nameplaceholder,"Name…",,"Text input placeholder, Players tab."
settings.players.add,"Add",,"Submit button next to the name input - very tight space."
settings.players.colourlabel,"Colour · taken hues are dimmed",,"Label above the colour-swatch picker."
settings.players.note,"Applies next game - end this game to add or remove players",,"Shown mid-game under the swatches, explains why the roster is locked."
settings.rules.racksize,"Rack size",,"Rules tab row label."
settings.chip.nextgame,"next game",,"Small badge reused on any setting that only applies to the next game. Keep to one or two words - tight space."
settings.rules.placement,"Placement",,"Rules tab row label."
settings.chip.nextlap,"next lap",,"Small badge reused on any setting that applies at the next lap. Keep to one or two words - tight space."
settings.rules.placement.winneronly,"Winner only",,"Dropdown option, Placement setting."
settings.rules.placement.toptwo,"Top two",,"Dropdown option, Placement setting."
settings.rules.placement.allplaces,"All places",,"Dropdown option, Placement setting."
settings.app.motion,"Motion",,"App tab row label (toggle)."
settings.app.taptoproceed,"Tap to proceed",,"App tab row label (toggle)."
settings.app.motiontapnotice,"Turning both off isn't allowed.",,"Dashed info box under Motion/Tap to proceed."
settings.app.theme,"Theme",,"App tab row label."
settings.app.theme.dark,"Dark",,"Toggle option."
settings.app.theme.light,"Light",,"Toggle option."
settings.app.tileskin,"Tile skin",,"App tab row label."
settings.app.tileskin.count,"2 skins",,"Small inline note next to Tile skin. BORDERLINE - this is a count, currently always 2; flagged in case a plural-aware template is ever wanted, but not built as one (schema §3's singular/plural note)."
settings.app.tileskin.colorful,"Colorful",,"Skin picker card label."
settings.app.tileskin.mono,"Mono",,"Skin picker card label."
settings.app.tileskin.mononote,"Mono derives a 12-step ramp on each player's hue — whose turn it is reads at a glance at all times.",,"Dashed info box under the skin picker. Longer sentence - DE/FR overflow risk, this box should be allowed to wrap."
settings.mode.boosts,"Boosts",,"Footer toggle button label (compact square button, icon above text) - keep to one short word, very tight space."
settings.mode.timer,"Timer",,"Footer toggle button label (compact square button, icon above text) - keep to one short word, very tight space."
settings.start,"Start game",,"Primary footer button, pre-game."
settings.backtogame,"Back to game",,"Primary footer button, mid-game (same slot as settings.start)."
settings.restartmatch,"Restart match",,"Secondary footer button, mid-game. Text is currently identical to dialog.restartmatch.ok but kept as a separate key (different role - menu button vs. dialog commit button) per the schema's 'cheap insurance' guidance."
settings.endgame,"End game",,"Secondary footer button, mid-game."
avatar.hint,"Tap to change · hold to choose",,"Shown identically in three/four places: the hint line under the Play avatar, the hint line under the turn-card avatar, and as the title/tooltip attribute on both avatar buttons. One key, reused everywhere - keep short, sits under a small avatar circle."
avatar.dialog.title,"Choose your avatar",,"Heading on the avatar-grid picker dialog."
turncard.header,"Player {n} of {total} · your turn",n|total,"Small label top-left of the turn card, current player's own turn. Matches the schema's own worked example."
turncard.header.finished,"Player {n} of {total}",n|total,"Same label, shown without the '· your turn' suffix - variant for a player who has already finished (benched) when their card is shown."
turncard.instruction,"Lay the phone flat to start your turn",,"FLAG: the schema's own §2 example shows this key as a template with a {name} slot ('{name}, lay the phone flat...'), but the string as actually implemented today has no slot at all - it's a flat sentence, the same for every player. Keying it as currently implemented; adding a {name} slot would be a content change beyond pure extraction (M24's own Stage A scope is presentation-layer only) - flagging for a decision rather than silently picking either way."
turncard.tap,"Tap anywhere but the avatar to continue",,"De-emphasised pill below the turn-card instruction, shown only when tap-to-proceed is on."
play.total,"Total: {total}",total,"Shown under the dice. Matches the schema's own worked example."
play.selected,"Selected: {sum} / {target}",sum|target,"Shown above the dice during a normal (non-1-for-2) selection. Matches the schema's own worked example."
play.selected.onefortwo,"Selected: {sum} — any tiles summing to {target}",sum|target,"Shown above the dice while a 1-for-2 boost is active - {target} is itself boost.onefortwo.target.or or a bare number, see that key."
play.message.stalled,"Stalled — no legal move for this roll.",,"Message area below the action buttons."
play.message.wholerackblocked,"A boost can never close the whole rack — leave a tile open, or decline and stay stalled.",,"Message area below the action buttons. Longer sentence - allow it to wrap."
play.message.wholerackoverpayblocked,"Closing the whole rack needs an exact match — exclude a tile to overpay instead.",,"Message area below the action buttons. Longer sentence - allow it to wrap."
play.roll,"Roll",,"Primary action button - very tight space."
play.confirm,"Confirm",,"Primary action button - very tight space."
play.pass,"Next player",,"Primary action button, shown when genuinely stalled with no boost available."
boost.overpay.name,"Overpay",,"The overpay boost type's display name - reused inside several other templates (boost.use, boost.award.join, boost toast)."
boost.onefortwo.name,"1-for-2",,"The 1-for-2 boost type's display name - reused inside several other templates (boost.use, boost.award.join, boost toast). Contains a digit+hyphen pattern - confirm it reads naturally translated, or keep as-is if it's treated as a fixed term."
boost.use,"Use {boost}",boost,"CODE NOTE: currently built by concatenation ('Use ' + boost.overpay.name or boost.onefortwo.name) - must be converted to this one template during the Stage A refactor. Used for BOTH the initial offer button and the cycle button (GH #8) - {boost} is whichever type tapping the button would apply. Very tight button space."
boost.decline,"Stay stalled",,"Secondary action button, shown alongside boost.use during the initial offer."
boost.offer.onefortwo,"Stalled — spend a 1-for-2 boost to play this roll as a single {target} (any open tiles summing to it)?",target,"Boost-offer explanatory text. {target} is boost.onefortwo.target.or or a bare number - see that key. Longer sentence - allow it to wrap."
boost.offer.overpay,"Stalled — spend an overpay boost to flip tiles summing to at most {total}?",total,"Boost-offer explanatory text. Longer sentence - allow it to wrap."
boost.onefortwo.target.or,"{a} or {b}",a|b,"CODE NOTE: currently built by concatenation (dice[0] + ' or ' + dice[1]) inside oneForTwoTargetLabel() - must be converted to this template. Used only when the two dice differ; when they match, the target is shown as a bare number with no key (schema §2's 'grammatically inert number' case)."
boost.award.join,"{a} + {b}",a|b,"CODE NOTE: currently built by Array.join(' + ') - must be converted to this template. Rare case: a player is awarded both boost types in the same moment, the toast shows both names joined. {a}/{b} are boost.overpay.name/boost.onefortwo.name."
result.title,"Final scores",,"Kicker label above the podium on the normal result screen."
result.winner,"{name} wins!",name,"Shown on the podium banner - name is user-entered (not translated), the surrounding text is. Reused identically on the timeout screen's winner banner when a real finisher exists (GH case 2) - matches the schema's own worked example."
result.playagain,"Play again",,"Primary button, normal result screen."
result.newgame,"New game",,"Secondary button, normal result screen. Kept as its own key from timeout.newgame (same English text today, different screen/context) per the schema's 'cheap insurance' guidance."
timeout.title,"Time's up!",,"H1 on the timeout screen. Matches the schema's own worked example."
timeout.ranoutoftime,"{name} ran out of time",name,"Identity chip on the timeout screen - names whoever's turn was live when the clock ran out (never the winner)."
timeout.message,"No one shut their box before time ran out — here's how everyone did.",,"Shown only when nobody has finished (the common timeout case) - hidden when a real winner exists. Longer sentence - allow it to wrap."
timeout.newgame,"New game",,"Primary button, timeout screen. See result.newgame's note on why this is a separate key."
timeout.rematch,"Rematch",,"Secondary button, timeout screen."
dialog.cancel,"Keep playing",,"Shared Cancel button on the one generic confirm dialog (End match and Restart match both use it). Matches the schema's own worked example."
dialog.endmatch.title,"End this match?",,"Confirm-dialog title, triggered by the End game footer button."
dialog.endmatch.body,"Progress will be lost. This can't be undone.",,"Confirm-dialog body text."
dialog.endmatch.ok,"End match",,"Confirm-dialog destructive OK button."
dialog.restartmatch.title,"Restart this match?",,"Confirm-dialog title, triggered by the Restart match footer button."
dialog.restartmatch.body,"Racks and boosts reset for everyone. This can't be undone.",,"Confirm-dialog body text."
dialog.restartmatch.ok,"Restart match",,"Confirm-dialog destructive OK button. Text is currently identical to settings.restartmatch - kept separate, see that key's note."
