key,en,fr,it,de,es,slots,notes
avatar.dialog.title,Choose your avatar,Choisis ton avatar,Scegli il tuo avatar,Wähle deinen Avatar,Elige tu avatar,,Heading on the avatar-grid picker dialog.
avatar.hint,Tap to change · hold to choose,Appuie pour changer · maintiens pour choisir,Tocca per cambiare · tieni premuto per scegliere,Tippen zum Wechseln · Halten zum Auswählen,Toca para cambiar · mantén pulsado para elegir,,"Shown identically in three/four places: the hint line under the Play avatar, the hint line under the turn-card avatar, and as the title/tooltip attribute on both avatar buttons. One key, reused everywhere - keep short, sits under a small avatar circle."
boost.award.join,{a} + {b},{a} + {b},{a} + {b},{a} + {b},{a} + {b},a|b,"CODE NOTE: currently built by Array.join(' + ') - must be converted to this template. Rare case: a player is awarded both boost types in the same moment, the toast shows both names joined. {a}/{b} are boost.overpay.name/boost.onefortwo.name."
boost.decline,Stay stalled,Rester bloqué,Resta bloccato,Blockiert bleiben,Seguir bloqueado,,"Secondary action button, shown alongside boost.use during the initial offer."
boost.offer.onefortwo,Stalled - spend a 1-for-2 boost to play this roll as a single die roll {target} (any open tiles summing to it)?,Bloqué - utilise un boost 1 pour 2 pour jouer ce lancer comme un seul résultat de dé {target} (toute tuile ouverte dont la somme y correspond) ?,Bloccato - usa un boost 1 su 2 per giocare questo lancio come un singolo risultato di dado {target} (qualsiasi tessera aperta la cui somma corrisponda)?,"Blockiert - setze einen 1-für-2-Boost ein, um diesen Wurf als einzelnen Würfelwert {target} zu spielen (drehe beliebige offene Felder um, deren Summe das ergibt)?",Bloqueado - ¿gastas un boost 1 por 2 para jugar esta tirada como un solo resultado de dado {target} (cualquier ficha abierta cuya suma lo iguale)?,target,Boost-offer explanatory text. {target} is boost.onefortwo.target.or or a bare number - see that key. Longer sentence - allow it to wrap.
boost.offer.overpay,Stalled - spend an overpay boost to flip tiles summing to at most {total}?,Bloqué - utilise un boost Surplus pour retourner des tuiles dont la somme ne dépasse pas {total} ?,Bloccato - usa un boost Eccesso per girare tessere la cui somma non superi {total}?,"Blockiert - setze einen Überschuss-Boost ein, um Felder umzudrehen, deren Summe höchstens {total} beträgt?",Bloqueado - ¿gastas un boost Exceso para voltear fichas cuya suma no supere {total}?,total,Boost-offer explanatory text. Longer sentence - allow it to wrap.
boost.onefortwo.name,1-for-2,1 pour 2,1 su 2,1-für-2,1 por 2,,"The 1-for-2 boost type's display name - reused inside several other templates (boost.use, boost.award.join, boost toast). Contains a digit+hyphen pattern - confirm it reads naturally translated, or keep as-is if it's treated as a fixed term."
boost.onefortwo.target.or,{a} or {b},{a} ou {b},{a} o {b},{a} oder {b},{a} o {b},a|b,"CODE NOTE: currently built by concatenation (dice[0] + ' or ' + dice[1]) inside oneForTwoTargetLabel() - must be converted to this template. Used only when the two dice differ; when they match, the target is shown as a bare number with no key (schema §2's 'grammatically inert number' case)."
boost.overpay.name,Overpay,Surplus,Eccesso,Überschuss,Exceso,,"The overpay boost type's display name - reused inside several other templates (boost.use, boost.award.join, boost toast). Translated as a short descriptive word (Surplus/Eccesso/Überschuss/Exceso) rather than kept as an English loanword - a judgment call for Dominik to revisit if he'd rather keep 'Overpay' untranslated like 'Boost'."
boost.use,Use {boost},Utiliser {boost},Usa {boost},Nutze {boost},Usar {boost},boost,CODE NOTE: currently built by concatenation ('Use ' + boost.overpay.name or boost.onefortwo.name) - must be converted to this one template during the Stage A refactor. Used for BOTH the initial offer button and the cycle button (GH #8) - {boost} is whichever type tapping the button would apply. Very tight button space.
dialog.cancel,Keep playing,Continuer à jouer,Continua a giocare,Weiterspielen,Seguir jugando,,Shared Cancel button on the one generic confirm dialog (End match and Restart match both use it). Matches the schema's own worked example.
dialog.endmatch.body,Progress will be lost. This can't be undone.,La progression sera perdue. Action irréversible.,I progressi andranno persi. Azione irreversibile.,Der Fortschritt geht verloren. Das kann nicht rückgängig gemacht werden.,Se perderá el progreso. Esta acción no se puede deshacer.,,Confirm-dialog body text.
dialog.endmatch.ok,End match,Terminer le match,Termina la partita,Match beenden,Terminar partida,,Confirm-dialog destructive OK button.
dialog.endmatch.title,End this match?,Terminer ce match ?,Terminare questa partita?,Dieses Match beenden?,¿Terminar esta partida?,,"Confirm-dialog title, triggered by the End game footer button."
dialog.restartmatch.body,Progress and boosts reset for everyone. This can't be undone.,La progression et les boosts sont réinitialisés pour tout le monde. Action irréversible.,I progressi e i boost vengono azzerati per tutti. Azione irreversibile.,Der Fortschritt und die Boosts werden für alle zurückgesetzt. Das kann nicht rückgängig gemacht werden.,El progreso y los boosts se reinician para todos. Esta acción no se puede deshacer.,,"Confirm-dialog body text. 2026-10-09: EN source changed 'Racks and boosts reset' -> 'Progress and boosts reset' (same German-rack-translation workaround). All four languages retranslated to 'progress', matching dialog.endmatch.body's existing wording for 'progress' in each language."
dialog.restartmatch.ok,Restart match,Recommencer le match,Ricomincia la partita,Match neu starten,Reiniciar partida,,"Confirm-dialog destructive OK button. Text is currently identical to settings.restartmatch - kept separate, see that key's note."
dialog.restartmatch.title,Restart this match?,Recommencer ce match ?,Ricominciare questa partita?,Dieses Match neu starten?,¿Reiniciar esta partida?,,"Confirm-dialog title, triggered by the Restart match footer button."
launch.cta,Tap to start,Appuie pour commencer,Tocca per iniziare,Tippen zum Starten,Toca para empezar,,"Primary CTA button, launch screen."
launch.permission,"We'll ask to use motion sensing, to keep your phone safely on the table during gameplay.","Nous te demanderons d'utiliser les capteurs de mouvement, pour garder ton téléphone en sécurité sur la table pendant la partie.","Ti chiederemo di usare i sensori di movimento, per tenere il telefono al sicuro sul tavolo durante la partita.","Wir fragen nach dem Zugriff auf die Bewegungssensoren, damit dein Handy während des Spiels sicher auf dem Tisch liegen bleibt.","Te pediremos usar los sensores de movimiento, para mantener tu teléfono seguro sobre la mesa durante la partida.",,"One line under the tagline, before Tap to start. DE/FR risk - keep short if possible. 2026-10-09: EN source rewritten (new stated reason: keeping the phone safely on the table, not the tilt-to-flip mechanic) - retranslated in full across all four languages. Typo 'sefely' in the submitted EN corrected to 'safely'."
launch.tagline,Pass-and-play · 2–12 players,Jeu à tour de rôle · 2 à 12 joueurs,Gioco a turni · 2-12 giocatori,Reihum spielen · 2–12 Spieler,Juego por turnos · 2-12 jugadores,,"Reused verbatim as the New Game subtitle pre-game (settings.subtitle shares this key - same string, same meaning, two screens)."
launch.title,Flip the Number,Flip the Number,Flip the Number,Flip the Number,Flip the Number,,"Game title/wordmark (launch-title h1, rendered as two lines via a <br>). JUDGEMENT CALL - flag for Dominik: brand name, may be better kept in English across all languages rather than translated. Decide in Stage B. JUDGEMENT CALL carried from extraction: brand name - kept in English in all four languages pending Dominik's decision; not force-translated."
play.confirm,Confirm,Valider,Conferma,Bestätigen,Confirmar,,Primary action button - very tight space.
play.message.stalled,Stalled - no legal move for this roll.,Bloqué - aucun coup possible pour ce lancer.,Bloccato - nessuna mossa valida per questo lancio.,Blockiert - kein gültiger Zug für diesen Wurf.,Bloqueado - no hay ningún movimiento válido para esta tirada.,,Message area below the action buttons.
play.message.wholerackblocked,"A boost can never close the whole round - leave a tile open, or decline and stay stalled.","Un boost ne peut jamais fermer toute la grille - laisse une tuile ouverte, ou refuse et reste bloqué.","Un boost non può mai chiudere tutto il tabellone - lascia una tessera aperta, oppure rifiuta e resta bloccato.","Ein Boost kann niemals alle Felder auf einmal schließen - lass ein Feld offen, oder lehne ab und bleib blockiert.","Un boost nunca puede cerrar todo el tablero - deja una ficha abierta, o rechaza y sigue bloqueado.",,"Message area below the action buttons. Longer sentence - allow it to wrap. 2026-10-09 retranslation pass: EN source changed 'whole rack' -> 'whole round' specifically to work around German's missing good translation for 'rack' (see DECISIONS.md). FR/IT/ES keep their existing, already-working 'whole rack/board' phrasing (grille/tabellone/tablero) unchanged in meaning - only DE's wording actually changed, to 'alle Felder auf einmal' (all tiles at once), avoiding both 'Spielfeld' (flagged incorrect) and 'Runde' (already used for 'lap' elsewhere, would collide)."
play.message.wholerackoverpayblocked,Closing the whole round needs an exact match - exclude a tile to overpay instead.,Fermer toute la grille exige une somme exacte - exclus une tuile pour utiliser le surplus à la place.,Chiudere tutto il tabellone richiede una somma esatta - escludi una tessera per usare l'eccesso invece.,"Um alle Felder auf einmal zu schließen, ist eine exakte Summe nötig - schließe stattdessen ein Feld aus, um den Überschuss zu nutzen.",Cerrar todo el tablero requiere una suma exacta - excluye una ficha para usar el exceso en su lugar.,,Message area below the action buttons. Longer sentence - allow it to wrap. Same 2026-10-09 note as play.message.wholerackblocked.
play.pass,Next player,Joueur suivant,Prossimo giocatore,Nächster Spieler,Siguiente jugador,,"Primary action button, shown when genuinely stalled with no boost available."
play.roll,Roll,Lancer,Lancia,Würfeln,Tirar,,Primary action button - very tight space.
play.selected,Selected: {sum} / {target},Sélection : {sum} / {target},Selezionato: {sum} / {target},Ausgewählt: {sum} / {target},Seleccionado: {sum} / {target},sum|target,Shown above the dice during a normal (non-1-for-2) selection. Matches the schema's own worked example.
play.selected.onefortwo,Selected: {sum} - any tiles summing to {target},Sélection : {sum} - toute combinaison de tuiles dont la somme fait {target},Selezionato: {sum} - qualsiasi combinazione di tessere la cui somma sia {target},"Ausgewählt: {sum} - beliebige Felder, deren Summe {target} ergibt",Seleccionado: {sum} - cualquier combinación de fichas cuya suma sea {target},sum|target,"Shown above the dice while a 1-for-2 boost is active - {target} is itself boost.onefortwo.target.or or a bare number, see that key."
play.total,Total: {total},Total : {total},Totale: {total},Gesamt: {total},Total: {total},total,Shown under the dice. Matches the schema's own worked example.
result.newgame,New game,Nouvelle partie,Nuova partita,Neues Spiel,Nueva partida,,"Secondary button, normal result screen. Kept as its own key from timeout.newgame (same English text today, different screen/context) per the schema's 'cheap insurance' guidance."
result.playagain,Play again,Rejouer,Gioca ancora,Nochmal spielen,Jugar de nuevo,,"Primary button, normal result screen."
result.title,Final scores,Scores finaux,Punteggi finali,Endergebnis,Puntuaciones finales,,Kicker label above the podium on the normal result screen.
result.winner,{name} wins!,{name} gagne !,{name} vince!,{name} gewinnt!,¡{name} gana!,name,"Shown on the podium banner - name is user-entered (not translated), the surrounding text is. Reused identically on the timeout screen's winner banner when a real finisher exists (GH case 2) - matches the schema's own worked example."
settings.app.language,Language,Langue,Lingua,Sprache,Idioma,,
settings.app.motion,Motion,Mouvement,Movimento,Bewegung,Movimiento,,App tab row label (toggle).
settings.app.motiontapnotice,Turning both off isn't allowed.,Désactiver les deux n'est pas autorisé.,Non è possibile disattivare entrambi.,Beides gleichzeitig zu deaktivieren ist nicht erlaubt.,No se pueden desactivar ambos a la vez.,,Dashed info box under Motion/Tap to proceed.
settings.app.taptoproceed,Tap to proceed,Appui pour continuer,Tocco per procedere,Tippen zum Fortfahren,Toque para continuar,,App tab row label (toggle).
settings.app.theme,Theme,Thème,Tema,Design,Tema,,App tab row label.
settings.app.theme.dark,Dark,Sombre,Scuro,Dunkel,Oscuro,,Toggle option.
settings.app.theme.light,Light,Clair,Chiaro,Hell,Claro,,Toggle option.
settings.app.tileskin,Tile skin,Style des tuiles,Stile tessere,Felder-Design,Estilo de fichas,,App tab row label.
settings.app.tileskin.colorful,Colorful,Coloré,Colorato,Bunt,Colorido,,Skin picker card label.
settings.app.tileskin.count,2 skins,2 styles,2 stili,2 Designs,2 estilos,,"Small inline note next to Tile skin. BORDERLINE - this is a count, currently always 2; flagged in case a plural-aware template is ever wanted, but not built as one (schema §3's singular/plural note)."
settings.app.tileskin.mono,Mono,Mono,Mono,Mono,Mono,,Skin picker card label.
settings.app.tileskin.mononote,Mono derives a 12-step ramp on each player's hue - whose turn it is reads at a glance at all times.,"Mono décline une rampe à 12 teintes à partir de la couleur de chaque joueur - on sait d'un coup d'œil à qui c'est le tour, à tout moment.","Mono deriva una scala di 12 toni dalla tonalità di ogni giocatore - si capisce a colpo d'occhio di chi è il turno, in ogni momento.","Mono leitet aus dem Farbton jedes Spielers eine 12-stufige Skala ab - wer am Zug ist, ist jederzeit auf einen Blick erkennbar.","Mono deriva una escala de 12 tonos a partir del color de cada jugador - se ve de un vistazo de quién es el turno, en todo momento.",,"Dashed info box under the skin picker. Longer sentence - DE/FR overflow risk, this box should be allowed to wrap."
settings.backtogame,Back to game,Retour à la partie,Torna alla partita,Zurück zum Spiel,Volver a la partida,,"Primary footer button, mid-game (same slot as settings.start)."
settings.chip.nextgame,next game,prochaine partie,prossima partita,nächstes Spiel,próxima partida,,Small badge reused on any setting that only applies to the next game. Keep to one or two words - tight space.
settings.chip.nextlap,next lap,prochain tour,prossimo giro,nächste Runde,próxima vuelta,,Small badge reused on any setting that applies at the next lap. Keep to one or two words - tight space.
settings.endgame,End game,Terminer la partie,Termina partita,Spiel beenden,Terminar partida,,"Secondary footer button, mid-game."
settings.midgamebanner,Match in progress - rule changes apply at the next lap,Match en cours - les changements de règles s'appliquent au prochain tour,Partita in corso - le modifiche alle regole si applicano al prossimo giro,Match läuft - Regeländerungen gelten ab der nächsten Runde,Partida en curso - los cambios de reglas se aplican en la próxima vuelta,,"Dashed info box shown mid-game, above the tab bar."
settings.mode.boosts,Boosts,Boosts,Boost,Boosts,Boosts,,"Footer toggle button label (compact square button, icon above text) - keep to one short word, very tight space."
settings.mode.timer,Timer,Chrono,Timer,Timer,Timer,,"Footer toggle button label (compact square button, icon above text) - keep to one short word, very tight space. FR uses 'Chrono' (not a literal 'Minuteur') for tight footer-button space; IT/DE/ES keep 'Timer' as a common gaming loanword."
settings.players.add,Add,Ajouter,Aggiungi,Hinzufügen,Añadir,,Submit button next to the name input - very tight space.
settings.players.addplayer,Add player,Ajouter un joueur,Aggiungi giocatore,Spieler hinzufügen,Añadir jugador,,Section label above the name input.
settings.players.colourlabel,Colour · taken hues are dimmed,Couleur · les teintes déjà prises sont estompées,Colore · le tonalità già usate sono sbiadite,Farbe · bereits vergebene Farbtöne sind abgeblendet,Color · los tonos ya elegidos aparecen atenuados,,Label above the colour-swatch picker.
settings.players.nameplaceholder,Name…,Nom…,Nome…,Name…,Nombre…,,"Text input placeholder, Players tab."
settings.players.note,Applies next game - end this game to add or remove players,S'applique à la prochaine partie - termine cette partie pour ajouter ou retirer des joueurs,Si applica alla prossima partita - termina questa partita per aggiungere o rimuovere giocatori,"Gilt ab dem nächsten Spiel - beende dieses Spiel, um Spieler hinzuzufügen oder zu entfernen",Se aplica a la próxima partida - termina esta partida para añadir o quitar jugadores,,"Shown mid-game under the swatches, explains why the roster is locked."
settings.players.roster,Roster ({count}),Joueurs ({count}),Giocatori ({count}),Spieler ({count}),Jugadores ({count}),count,"Section label above the player list. CODE NOTE: currently built by string concatenation ('Roster (' + count + ')') - must be converted to this one template during the Stage A refactor, per the schema's concatenation rule."
settings.restartmatch,Restart match,Recommencer le match,Ricomincia partita,Match neu starten,Reiniciar partida,,"Secondary footer button, mid-game. Text is currently identical to dialog.restartmatch.ok but kept as a separate key (different role - menu button vs. dialog commit button) per the schema's 'cheap insurance' guidance."
settings.rules.placement,Placement,Classement,Classifica,Platzierung,Clasificación,,Rules tab row label.
settings.rules.placement.allplaces,All places,Tout le classement,Tutte le posizioni,Alle Plätze,Todas las posiciones,,"Dropdown option, Placement setting."
settings.rules.placement.toptwo,Top two,Deux premiers,Primi due,Top zwei,Primeros dos,,"Dropdown option, Placement setting."
settings.rules.placement.winneronly,Winner only,Vainqueur seulement,Solo vincitore,Nur Gewinner,Solo ganador,,"Dropdown option, Placement setting."
settings.rules.racksize,Rack size,Nombre de tuiles,Numero di tessere,Anzahl der Felder,Número de fichas,,Rules tab row label.
settings.start,Start game,Démarrer la partie,Inizia partita,Spiel starten,Iniciar partida,,"Primary footer button, pre-game."
settings.subtitle.midgame,Match in progress,Match en cours,Partita in corso,Match läuft,Partida en curso,,"Setup subtitle, mid-game state (pre-game state reuses launch.tagline)."
settings.tab.app,App,App,App,App,App,,"Tab label - very tight space, keep to one short word if possible."
settings.tab.players,Players,Joueurs,Giocatori,Spieler,Jugadores,,"Tab label - very tight space, keep to one short word if possible."
settings.tab.rules,Rules,Règles,Regole,Regeln,Reglas,,"Tab label - very tight space, keep to one short word if possible."
settings.title.new,New Game,Nouvelle partie,Nuova partita,Neues Spiel,Nueva partida,,"Setup screen H1, pre-game state."
settings.title.settings,Settings,Réglages,Impostazioni,Einstellungen,Ajustes,,"Setup screen H1, mid-game state (same element as settings.title.new, swapped by JS)."
timeout.message,No one shut their box before time ran out - here's how everyone did.,Personne n'a fermé sa boîte avant la fin du temps - voici comment chacun s'en est sorti.,Nessuno ha chiuso la propria scatola prima dello scadere del tempo - ecco come se l'è cavata ciascuno.,"Niemand hat seine Box geschlossen, bevor die Zeit ablief - hier siehst du, wie alle abgeschnitten haben.",Nadie cerró su caja antes de que se acabara el tiempo - así le fue a cada uno.,,Shown only when nobody has finished (the common timeout case) - hidden when a real winner exists. Longer sentence - allow it to wrap.
timeout.newgame,New game,Nouvelle partie,Nuova partita,Neues Spiel,Nueva partida,,"Primary button, timeout screen. See result.newgame's note on why this is a separate key."
timeout.ranoutoftime,{name} ran out of time,{name} n'a plus de temps,{name} ha esaurito il tempo,{name} hatte keine Zeit mehr,{name} se quedó sin tiempo,name,Identity chip on the timeout screen - names whoever's turn was live when the clock ran out (never the winner).
timeout.rematch,Rematch,Revanche,Rivincita,Revanche,Revancha,,"Secondary button, timeout screen."
timeout.title,Time's up!,Temps écoulé !,Tempo scaduto!,Zeit abgelaufen!,¡Se acabó el tiempo!,,H1 on the timeout screen. Matches the schema's own worked example.
turncard.header,Your turn,À toi de jouer,Tocca a te,Du bist dran,Tu turno,,"Small label top-left of the turn card, current player's own turn. Matches the schema's own worked example. 2026-10-10: simplified from 'Player {n} of {total} · your turn' to a bare 'Your turn' (per Dominik's direct request, turncard UI cleanup) - no longer matches the schema doc's own worked example for this key, which is a documentation staleness note, not a locked-rule conflict. {n}/{total} slots dropped since unused. turncard.header.finished (the benched-player variant, currently unreachable in practice - see DECISIONS.md) is unchanged."
turncard.header.finished,Player {n} of {total},Joueur {n} sur {total},Giocatore {n} di {total},Spieler {n} von {total},Jugador {n} de {total},n|total,"Same label, shown without the '· your turn' suffix - variant for a player who has already finished (benched) when their card is shown."
turncard.instruction,Lay the phone flat to start your turn,Pose le téléphone à plat pour commencer ton tour,Appoggia il telefono in piano per iniziare il tuo turno,"Lege das Handy flach hin, um deinen Zug zu starten",Coloca el teléfono plano para empezar tu turno,,"FLAG: the schema's own §2 example shows this key as a template with a {name} slot ('{name}, lay the phone flat...'), but the string as actually implemented today has no slot at all - it's a flat sentence, the same for every player. Keying it as currently implemented; adding a {name} slot would be a content change beyond pure extraction (M24's own Stage A scope is presentation-layer only) - flagging for a decision rather than silently picking either way."
turncard.tap,Tap anywhere but the avatar to continue,Appuie n'importe où sauf sur l'avatar pour continuer,Tocca ovunque tranne l'avatar per continuare,"Tippe irgendwo außer auf den Avatar, um fortzufahren",Toca en cualquier lugar excepto el avatar para continuar,,"De-emphasised pill below the turn-card instruction, shown only when tap-to-proceed is on."
